customer_id,name,email,password,date_of_birth
1,Emma Parker,emma.parker1@gmail.com,emma@123,1983-02-01
2,Liam Murphy,liam.murphy2@outlook.com,liam@123,1973-12-07
3,Olivia Collins,olivia.collins3@yahoo.com,olivia@123,1966-02-03
4,Noah Reed,noah.reed4@icloud.com,noah@123,1992-06-25
5,Ava Bennett,ava.bennett5@gmail.com,ava@123,1976-10-07
6,Elijah Foster,elijah.foster6@outlook.com,elijah@123,1985-10-03
7,Sophia Hayes,sophia.hayes7@yahoo.com,sophia@123,1975-03-26
8,Lucas Brooks,lucas.brooks8@icloud.com,lucas@123,1972-02-04
9,Isabella Sullivan,isabella.sullivan9@gmail.com,isabella@123,2002-06-04
10,Mason Price,mason.price10@outlook.com,mason@123,1978-05-05
11,Mia Martin,mia.martin11@yahoo.com,mia@123,1999-03-24
12,Ethan Turner,ethan.turner12@icloud.com,ethan@123,1968-11-14
13,Charlotte Ward,charlotte.ward13@gmail.com,charlotte@123,1968-09-15
14,James Bell,james.bell14@outlook.com,james@123,1977-01-03
15,Amelia Kelly,amelia.kelly15@yahoo.com,amelia@123,1978-02-04
16,Benjamin Cook,benjamin.cook16@icloud.com,benjamin@123,1980-05-04
17,Harper Bailey,harper.bailey17@gmail.com,harper@123,1991-03-20
18,Alexander Cooper,alexander.cooper18@outlook.com,alexander@123,1992-07-10
19,Evelyn Rivera,evelyn.rivera19@yahoo.com,evelyn@123,1971-01-21
20,Michael Morris,michael.morris20@icloud.com,michael@123,1970-06-18
21,Abigail Peterson,abigail.peterson21@gmail.com,abigail@123,1993-12-09
22,Daniel Gray,daniel.gray22@outlook.com,daniel@123,1990-04-26
23,Emily James,emily.james23@yahoo.com,emily@123,1991-12-09
24,Henry Watson,henry.watson24@icloud.com,henry@123,1998-09-10
25,Ella Bryant,ella.bryant25@gmail.com,ella@123,1966-11-15
26,Jackson Russell,jackson.russell26@outlook.com,jackson@123,1984-05-11
27,Avery Diaz,avery.diaz27@yahoo.com,avery@123,1981-09-09
28,Sebastian Ortiz,sebastian.ortiz28@icloud.com,sebastian@123,1997-06-04
29,Sofia Sanders,sofia.sanders29@gmail.com,sofia@123,1965-01-09
30,Jack Powell,jack.powell30@outlook.com,jack@123,1991-02-09
31,Camila Long,camila.long31@yahoo.com,camila@123,1976-12-17
32,Owen Perry,owen.perry32@icloud.com,owen@123,2004-12-21
33,Aria Hughes,aria.hughes33@gmail.com,aria@123,1973-10-22
34,Theodore Flores,theodore.flores34@outlook.com,theodore@123,1967-10-25
35,Scarlett Washington,scarlett.washington35@yahoo.com,scarlett@123,1970-03-28
36,Levi Butler,levi.butler36@icloud.com,levi@123,1999-10-28
37,Grace Simmons,grace.simmons37@gmail.com,grace@123,1979-12-18
38,Mateo Graham,mateo.graham38@outlook.com,mateo@123,1984-01-16
39,Chloe Cole,chloe.cole39@yahoo.com,chloe@123,1978-06-14
40,Samuel Baker,samuel.baker40@icloud.com,samuel@123,1975-10-14
41,Victoria Richardson,victoria.richardson41@gmail.com,victoria@123,1976-07-27
42,Wyatt Cox,wyatt.cox42@outlook.com,wyatt@123,1992-10-06
43,Riley Howard,riley.howard43@yahoo.com,riley@123,1965-07-21
44,Julian Ward,julian.ward44@icloud.com,julian@123,1987-12-22
45,Layla Torres,layla.torres45@gmail.com,layla@123,1969-10-26
46,Asher Peterson,asher.peterson46@outlook.com,asher@123,1995-11-05
47,Nora Ramirez,nora.ramirez47@yahoo.com,nora@123,1978-09-21
48,Gabriel Barnes,gabriel.barnes48@icloud.com,gabriel@123,1996-09-26
49,Lily Ross,lily.ross49@gmail.com,lily@123,2001-09-05
50,Carter Henderson,carter.henderson50@outlook.com,carter@123,1972-10-03
51,Zoey Coleman,zoey.coleman51@yahoo.com,zoey@123,1981-05-18
52,Isaac Jenkins,isaac.jenkins52@icloud.com,isaac@123,1969-11-27
53,Hannah Patterson,hannah.patterson53@gmail.com,hannah@123,1974-05-01
54,Jayden Perry,jayden.perry54@outlook.com,jayden@123,1967-11-01
55,Hazel Powell,hazel.powell55@yahoo.com,hazel@123,2000-07-01
56,Lincoln Long,lincoln.long56@icloud.com,lincoln@123,2004-01-27
57,Ellie Fisher,ellie.fisher57@gmail.com,ellie@123,1973-10-22
58,Anthony Ellis,anthony.ellis58@outlook.com,anthony@123,1998-11-18
59,Aurora Kim,aurora.kim59@yahoo.com,aurora@123,2003-02-27
60,Hudson Patel,hudson.patel60@icloud.com,hudson@123,1969-04-22
61,Penelope Shah,penelope.shah61@gmail.com,penelope@123,1988-11-14
62,Dylan Mehta,dylan.mehta62@outlook.com,dylan@123,1986-01-19
63,Natalie Desai,natalie.desai63@yahoo.com,natalie@123,1988-11-02
64,Ezra Kapoor,ezra.kapoor64@icloud.com,ezra@123,1987-12-07
65,Brooklyn Malhotra,brooklyn.malhotra65@gmail.com,brooklyn@123,1971-07-18
66,Thomas Singh,thomas.singh66@outlook.com,thomas@123,1969-01-02
67,Stella Kaur,stella.kaur67@yahoo.com,stella@123,1986-07-21
68,Charles Chopra,charles.chopra68@icloud.com,charles@123,1982-09-18
69,Lucy Iyer,lucy.iyer69@gmail.com,lucy@123,1997-07-22
70,Christopher Rao,christopher.rao70@outlook.com,christopher@123,1986-12-05
71,Paisley Nair,paisley.nair71@yahoo.com,paisley@123,1996-08-12
72,Jaxon Menon,jaxon.menon72@icloud.com,jaxon@123,1972-01-20
73,Savannah Gupta,savannah.gupta73@gmail.com,savannah@123,1970-11-17
74,Josiah Verma,josiah.verma74@outlook.com,josiah@123,1976-09-05
75,Claire Das,claire.das75@yahoo.com,claire@123,1999-04-19
76,Isaiah Banerjee,isaiah.banerjee76@icloud.com,isaiah@123,1972-02-02
77,Skylar Mukherjee,skylar.mukherjee77@gmail.com,skylar@123,1973-06-06
78,Andrew Reddy,andrew.reddy78@outlook.com,andrew@123,1994-12-20
79,Bella Kulkarni,bella.kulkarni79@yahoo.com,bella@123,1997-01-25
80,Joshua Joshi,joshua.joshi80@icloud.com,joshua@123,1990-11-21
81,Anna Donovan,anna.donovan81@gmail.com,anna@123,1993-04-18
82,Nathan McCarthy,nathan.mccarthy82@outlook.com,nathan@123,2001-04-04
83,Caroline Obrien,caroline.obrien83@yahoo.com,caroline@123,1996-09-16
84,Adrian Quinn,adrian.quinn84@icloud.com,adrian@123,1978-07-01
85,Sarah Walsh,sarah.walsh85@gmail.com,sarah@123,1979-04-08
86,Caleb Shea,caleb.shea86@outlook.com,caleb@123,1976-07-07
87,Madelyn Fitzgerald,madelyn.fitzgerald87@yahoo.com,madelyn@123,1966-01-06
88,Ryan Malone,ryan.malone88@icloud.com,ryan@123,1991-12-11
89,Kennedy Santos,kennedy.santos89@gmail.com,kennedy@123,1968-03-01
90,Christian Alvarez,christian.alvarez90@outlook.com,christian@123,1973-02-23
91,Maya Morales,maya.morales91@yahoo.com,maya@123,1997-12-26
92,Aaron Castro,aaron.castro92@icloud.com,aaron@123,1985-09-27
93,Allison Nguyen,allison.nguyen93@gmail.com,allison@123,1985-10-19
94,Adam Tran,adam.tran94@outlook.com,adam@123,1997-03-16
95,Naomi Pham,naomi.pham95@yahoo.com,naomi@123,2004-12-10
96,Connor Chen,connor.chen96@icloud.com,connor@123,1969-06-13
97,Elena Lin,elena.lin97@gmail.com,elena@123,1970-09-06
98,Jonathan Wong,jonathan.wong98@outlook.com,jonathan@123,1993-10-22
99,Ruby Zhang,ruby.zhang99@yahoo.com,ruby@123,1998-04-02
100,Jeremiah Liu,jeremiah.liu100@icloud.com,jeremiah@123,1998-05-06
